/*
SQLyog Enterprise - MySQL GUI v6.14
MySQL - 5.0.24a-community-nt : Database - library
*********************************************************************
*/

/*!40101 SET NAMES utf8 */;

/*!40101 SET SQL_MODE=''*/;

create database if not exists `library`;

USE `library`;

/*!40014 SET @OLD_FOREIGN_KEY_CHECKS=@@FOREIGN_KEY_CHECKS, FOREIGN_KEY_CHECKS=0 */;
/*!40101 SET @OLD_SQL_MODE=@@SQL_MODE, SQL_MODE='NO_AUTO_VALUE_ON_ZERO' */;

/*Table structure for table `bookinfo` */

DROP TABLE IF EXISTS `bookinfo`;

CREATE TABLE `bookinfo` (
  `shuhao` varchar(12) NOT NULL default '',
  `bookname` varchar(70) default NULL,
  `author` varchar(70) default NULL,
  `publishing` varchar(70) default NULL,
  `publishingtime` varchar(50) default NULL,
  `price` varchar(10) default NULL,
  `adress` varchar(20) default NULL,
  `isrenting` int(5) default '0',
  PRIMARY KEY  (`shuhao`)
) ENGINE=InnoDB DEFAULT CHARSET=utf8 CHECKSUM=1 DELAY_KEY_WRITE=1 ROW_FORMAT=DYNAMIC;

/*Data for the table `bookinfo` */

insert  into `bookinfo`(`shuhao`,`bookname`,`author`,`publishing`,`publishingtime`,`price`,`adress`,`isrenting`) values ('A2704001','非险寿精算数学及实物','邹公明','上海财经大学','2003.7','21','F840.4/Z942',0),('A2704002','经济管理数学基础','刘光旭 萧永震','南开大学','2000.2','18','F224.0/L717',0),('A2704003','经济管理数学基础','刘光旭 萧永震','南开大学','2000.2','18','F224.0/L717',0),('A2704004','经济管理数学基础','刘光旭 萧永震','南开大学','2000.2','18','F224.0/L717',0),('A2704005','模拟与风险分析','Evans,J.R Olson,D.L 洪锡熙 译','上海人民','2001.9','36','TP15/A137',0),('A2704006','模拟与风险分析','Evans,J.R Olson,D.L 洪锡熙 译','上海人民','2001.9','36','TP15/A137',1),('A2704007','模拟与风险分析','Evans,J.R Olson,D.L 洪锡熙 译','上海人民','2001.9','36','TP15/A137',0),('A2704008','经济管理中的数学方法','张德双 等','天津人民','1995.3','10.9','F224.0/Z341',1),('A2704009','效用理论与纳什均衡选择（对协调与合作问题的探讨）','李保明','经济科学','2003.8','12','F224.32/L314',0),('A2704010','效用理论与纳什均衡选择（对协调与合作问题的探讨）','李保明','经济科学','2003.8','12','F224.32/L314',0),('A2704011','效用理论与纳什均衡选择（对协调与合作问题的探讨）','李保明','经济科学','2003.8','12','F224.32/L314',0),('A2704012','宏观经济统计分析','赵彦云','中国统计','2003.7','16','F222.33/Z488',0),('A2704013','宏观经济统计分析','赵彦云','中国统计','2003.7','16','F222.33/Z488',0),('A2704014','宏观经济统计分析','赵彦云','中国统计','2003.7','16','F222.33/Z488',0),('A2704015','计量经济扥系软件 Eviews.SAS简明上级指南','潘省初 周凌瑶','中国人民大学','2005.5','15','F224.0-39/P187',0),('A2704016','计量经济扥系软件 Eviews.SAS简明上级指南','潘省初 周凌瑶','中国人民大学','2005.5','15','F224.0-39/P187',0),('A2704017','计量经济扥系软件 Eviews.SAS简明上级指南','潘省初 周凌瑶','中国人民大学','2005.5','15','F224.0-39/P187',0),('A2704018','经济数学基础——微积分','黄惠青 ','经济科学','1998.8','14.5','F224.0/Z681',0),('A2704019','经济数学基础——微积分','黄惠青 ','经济科学','1998.8','14.5','F224.0/Z681',0),('A2704020','金融经济学十讲','史树中','上海人民','2004.7','28','F830/S576',0),('A2704021','计量经济模型与经济预测','Pindyck,R.S Rubinfeld,D.L 钱小军等 译','机械工业','2003.12','37','F224.0/P731(4)',0),('A2704022','现代计量经济学','朱平芳','上海财经大学','2004.6','22','F224.0/Z822',0),('A2704023','现代计量经济学','朱平芳','上海财经大学','2004.6','22','F224.0/Z822',0),('A2704024','时间序列与金融数据分析','陈毅恒著 黄长全译','中国统计','2004.8','28','F830.41/C493',0),('A2704025','基于SAS系统的金融计算','著世武','清华大学','2004.5','40','F830.49/Z347',0),('A2704026','金融数学','李向科 戚发全','中国人民大学','2004.6','19','F830/L353',0),('A2704027','金融数学','李向科 戚发全','中国人民大学','2004.6','19','F830/L353',0),('A2704028','数理金融引论——离散时间模型','斯坦利.R.普利斯卡 著 王忠玉译','经济科学','2003.3','49','F830/P974',0),('A2704029','数理金融引论——离散时间模型','斯坦利.R.普利斯卡 著 王忠玉译','经济科学','2003.3','49','F830/P974',0),('A2704030','数理金融引论——离散时间模型','斯坦利.R.普利斯卡 著 王忠玉译','经济科学','2003.3','49','F830/P974',0),('A2704031','金融数学','Stampil,J. Goodman,V. 蔡明超译','机械工业','2006.1','26','F830/S526',0),('A2704032','金融数学','Stampil,J. Goodman,V. 蔡明超译','机械工业','2006.1','26','F830/S526',0),('A2704033','风险理论','邹公明','上海财经大学','2003.7','18','F840/Z944(2)',0),('A2704034','风险理论','邹公明','上海财经大学','2003.7','18','F840/Z944(2)',0),('A2704035','风险理论','邹公明','上海财经大学','2003.7','18','F840/Z944(2)',0),('A2704036','中国股票市场实证研究','陈工孟 ','东北财经大学','2003.11','48','F832.51/C444',0),('A2704037','经济计量学教程','贺铿','中国统计','2001.5','27','F224.0/H353',0),('A2704038','经济计量学教程','贺铿','中国统计','2001.5','27','F224.0/H353',0),('A2704039','博弈论及其在经济管理中的应用','于维生 朴正爱','清华大学','2005.1','16','F224.32/Y747',0),('A2704040','经济学拓扑方法','王则柯 左再思 李志强','北京大学','2002.1','32','F224/W393',0),('A2704041','经济学拓扑方法','王则柯 左再思 李志强','北京大学','2002.1','32','F224/W393',0),('A2704042','计量经济学','赵国庆','中国人民大学','2001.2','24','F224.0/Z435(2)',0),('A2704043','计量经济学','赵国庆','中国人民大学','2001.2','24','F224.0/Z435(2)',0),('A2704044','经济学家数学手册','Sydsaeter,K. 张涛译','复旦大学','2001.2','23','F224.0-62/X171',0),('A2704045','计量经济学基础','张晓峒','南开大学','2002.6','18','F224.0/Z351',0),('A2704046','计量经济学基础','张晓峒','南开大学','2002.6','18','F224.0/Z351',0),('A2704047','计量经济学','张定胜','武汉大学','2000.12','17','F224.0/Z316',0),('A2704048','经济学中的统计方法','王学仁','科学','2000.5','21','F222/W375',0),('A2704049','计量经济学','范德成 刘春梅 张效莉','哈尔滨工程大学','2000.4','10','F224.0/F231',0),('A2704050','计量经济学','范德成 刘春梅 张效莉','哈尔滨工程大学','2000.4','10','F224.0/F231',0),('A2704051','微观经济的数理分析','胡适耕 刘金山','中华科技大学','2003.8','13.5','F016/H522',0),('A2704052','微观经济的数理分析','胡适耕 刘金山','中华科技大学','2003.8','13.5','F016/H522',0),('A2704053','微观经济的数理分析','胡适耕 刘金山','中华科技大学','2003.8','13.5','F016/H522',0),('A2704054','数理经济学——理论与应用','张金水','清华大学','1999.7','16','F224.0/Z326',0),('A2704055','数理经济学——理论与应用','张金水','清华大学','1999.7','16','F224.0/Z326',0),('A2704056','现代精算数学原理','陈典发 石俊志 方辉','中国金融','1998.6','18','F224.0/C442',0),('A2704057','经济数学模型','洪毅等','华南理工大学','1999.5','14.5','F224.0/H438(2)',0),('A2704058','新编经济管理 统计学原理','喻国华','中国科学技术','1994.9','13.8','F2/Y832',0),('A2704059','新编经济管理 统计学原理','喻国华','中国科学技术','1994.9','13.8','F2/Y832',0),('A2704060','新编经济管理 统计学原理','喻国华','中国科学技术','1994.9','13.8','F2/Y832',0),('A2704061','新编经济管理 统计学原理','喻国华','中国科学技术','1994.9','13.8','F2/Y832',0),('A2704062','新编经济管理 统计学原理','喻国华','中国科学技术','1994.9','13.8','F2/Y832',0),('A2704063','新编经济管理 统计学原理','喻国华','中国科学技术','1994.9','13.8','F2/Y832',0),('A2704064','新编经济管理 统计学原理','喻国华','中国科学技术','1994.9','13.8','F2/Y832',0),('A2704065','新编经济管理 统计学原理','喻国华','中国科学技术','1994.9','13.8','F2/Y832',0),('A2704066','新编经济管理 统计学原理','喻国华','中国科学技术','1994.9','13.8','F2/Y832',0),('A2704067','新编经济管理 统计学原理','喻国华','中国科学技术','1994.9','13.8','F2/Y832',0),('A2704068','新编经济管理 统计学原理','喻国华','中国科学技术','1994.9','13.8','F2/Y832',0),('A2704069','宏观经济模型的数学方法','林恩武','福建人民','1985.6','1.45','F224.0/L617',0),('A2704070','金融计量学','周爱民','中国统计','2004.12','52','F830/Z734',0),('A2704071','金融数学','Joseph,S Goodman,V 蔡明超译','机械工业','2005.4','26','F830/S526',0),('A2704072','金融数学','Joseph,S Goodman,V 蔡明超译','机械工业','2005.4','26','F830/S526',0),('A2704073','金融数学','Joseph,S Goodman,V 蔡明超译','机械工业','2005.4','26','F830/S526',0),('A2704074','金融数学','Joseph,S Goodman,V 蔡明超译','机械工业','2005.4','26','F830/S526',0),('A2704075','金融数学','Joseph,S Goodman,V 蔡明超译','机械工业','2005.4','26','F830/S526',0),('A2704076',' 实分析','H.L.Royden 叶培新 译','机械工业','2006.1','42','O174.1/L988',0),('A2704077','金融风险理论——从统计物理到风险管理','简.菲利普.鲍查德 马克.波特   周为群 译','经济科学','2002.8','38','F830/B371',0),('A2704078','金融风险理论——从统计物理到风险管理','简.菲利普.鲍查德 马克.波特   周为群 译','经济科学','2002.8','38','F830/B371',0),('A2704079','金融风险理论——从统计物理到风险管理','简.菲利普.鲍查德 马克.波特   周为群 译','经济科学','2002.8','38','F830/B371',0),('A2704080','金融风险理论——从统计物理到风险管理','简.菲利普.鲍查德 马克.波特   周为群 译','经济科学','2002.8','38','F830/B371',0),('A2704081','多层统计分析模型--方法与应用','王济川、谢海义、姜宝法','高等教育','2008.01','55','C819/W331',0),('A2704082','多层统计分析模型--方法与应用','王济川、谢海义、姜宝法','高等教育','2008.01','55','C819/W331',0),('A2704083','多层统计分析模型--方法与应用','王济川、谢海义、姜宝法','高等教育','2008.01','55','C819/W331',0),('A2704084','反演问题的计算方法及其应用','王彦飞','高等教育','2007.01','59','O411.1/W382',0),('A2704085','反演问题的计算方法及其应用','王彦飞','高等教育','2007.01','59','O411.1/W382',0),('A2704086','反演问题的计算方法及其应用','王彦飞','高等教育','2007.01','59','O411.1/W382',0),('A2704087','变分不等式简介：基本理论、数值分析及应用','韩渭敏 程晓良','高等教育','2007.03','26','O176/H157',0),('A2704088','变分不等式简介：基本理论、数值分析及应用','韩渭敏 程晓良','高等教育','2007.03','26','O176/H157',0),('A2704089','变分不等式简介：基本理论、数值分析及应用','韩渭敏 程晓良','高等教育','2007.03','26','O176/H157',0),('A2704090','管理科学与计算智能','H.J.齐莫曼','高等教育','2005.07','34','C93/Q224',0),('A2704091','管理科学与计算智能','H.J.齐莫曼','高等教育','2005.07','34','C93/Q224',0),('A2704092','可转移信度模型','P.司麦斯','高等教育','2005.1','39.8','TP183/S784',0),('A2704093','可转移信度模型','P.司麦斯','高等教育','2005.1','39.8','TP183/S784',0),('A2704094','可靠性数学引论（修订版）','曹晋华 程侃','高等教育','2006.07','58','O213.2/C213(2)',0),('A2704095','可靠性数学引论（修订版）','曹晋华 程侃','高等教育','2006.07','58','O213.2/C213(2)',0),('A2704096','可靠性数学引论（修订版）','曹晋华 程侃','高等教育','2006.07','58','O213.2/C213(2)',0),('A2704097','代数和编码','万哲先','高等教育','2007.06','49','O157.4/W267(3)',0),('A2704098','代数和编码','万哲先','高等教育','2007.06','49','O157.4/W267(3)',0),('A2704099','代数和编码','万哲先','高等教育','2007.06','49','O157.4/W267(3)',0),('A2704100','应用偏微分方程讲义','姜礼尚 孔德兴 陈志浩','高等教育','2008.01','33','O175.2/J474',0),('A2704101','应用偏微分方程讲义','姜礼尚 孔德兴 陈志浩','高等教育','2008.01','33','O175.2/J474',0),('A2704102','应用偏微分方程讲义','姜礼尚 孔德兴 陈志浩','高等教育','2008.01','33','O175.2/J474',0),('A2704103','实分析','程民德 邓东皋 龙瑞麟','高等教育','2008.01','61','O174.1/C551(2)',0),('A2704104','实分析','程民德 邓东皋 龙瑞麟','高等教育','2008.01','61','O174.1/C551(2)',0),('A2704105','实分析','程民德 邓东皋 龙瑞麟','高等教育','2008.01','61','O174.1/C551(2)',0),('A2704106','高等概率论及其应用','胡迪鹤','高等教育','2008.06','59','O211/H513',0),('A2704107','高等概率论及其应用','胡迪鹤','高等教育','2008.06','59','O211/H513',0),('A2704108','高等概率论及其应用','胡迪鹤','高等教育','2008.06','59','O211/H513',0),('A2704109','线性代数与矩阵论','许以超','高等教育','2008.06','59','O151.2/X791(2)',0),('A2704110','线性代数与矩阵论','许以超','高等教育','2008.06','59','O151.2/X791(2)',0),('A2704111','线性代数与矩阵论','许以超','高等教育','2008.06','59','O151.2/X791(2)',0),('A2704112','矩阵论','詹兴致','高等教育','2008.6','26','O151.21/Z269',0),('A2704113','矩阵论','詹兴致','高等教育','2008.6','26','O151.21/Z269',0),('A2704114','矩阵论','詹兴致','高等教育','2008.6','26','O151.21/Z269',0),('A2704115','金融衍生产品定价的数学模型与案例分析','姜尚礼 徐承龙 任学敏 李少华','高等教育','2008.6','39','F830/J474',0),('A2704116','金融衍生产品定价的数学模型与案例分析','姜尚礼 徐承龙 任学敏 李少华','高等教育','2008.6','39','F830/J474',0),('A2704117','金融衍生产品定价的数学模型与案例分析','姜尚礼 徐承龙 任学敏 李少华','高等教育','2008.6','39','F830/J474',0),('A2704118','期权定价的数学模型和方法','姜尚礼','高等教育','2008.01','39','F830.9/J474(2)',0),('A2704119','期权定价的数学模型和方法','姜尚礼','高等教育','2008.01','39','F830.9/J474(2)',0),('A2704120','期权定价的数学模型和方法','姜尚礼','高等教育','2008.01','39','F830.9/J474(2)',0),('A2704121','解析函数论初步','H.嘉当 （余家荣 译）','高等教育','2008.06','28','O174.55/J281',0),('A2704122','解析函数论初步','H.嘉当 （余家荣 译）','高等教育','2008.06','28','O174.55/J281',0),('A2704123','解析函数论初步','H.嘉当 （余家荣 译）','高等教育','2008.06','28','O174.55/J281',0),('A2704124','金融学中的数学','史数中','高等教育','2006.06','44','F830/S576',0),('A2704125','金融学中的数学','史数中','高等教育','2006.06','44','F830/S576',0),('A2704126','金融学中的数学','史数中','高等教育','2006.06','44','F830/S576',0),('A2704127','精算学中的随机过程','张连增','高等教育','2006.12','30.1','F224.0/Z339',0),('A2704128','分析学 ','[美] E. H. Lieb、M. Loss 著，王斯雷 译','高等教育','2006.1','39','O17/L371',0),('A2704129','分析学 ','[美] E. H. Lieb、M. Loss 著，王斯雷 译','高等教育','2006.1','39','O17/L371',0),('A2704130','分析学 ','[美] E. H. Lieb、M. Loss 著，王斯雷 译','高等教育','2006.1','39','O17/L371',0),('A2704131','偏微分方程','[美] Harold Levine著，葛显良 译','高等教育','2007.08','61','O175.2/L127',0),('A2704132','偏微分方程','[美] Harold Levine著，葛显良 译','高等教育','2007.08','61','O175.2/L127',0),('A2704133','偏微分方程','[美] Harold Levine著，葛显良 译','高等教育','2007.08','61','O175.2/L127',0),('A2704134','高等微积分 (修订版)','[美] L. H. Loomis、S. Sternberg 著，王元、胥鸣伟 译','高等教育','2007.01','68','O172/L824',0),('A2704135','高等微积分 (修订版)','[美] L. H. Loomis、S. Sternberg 著，王元、胥鸣伟 译','高等教育','2007.01','68','O172/L824',0),('A2704136','高等微积分 (修订版)','[美] L. H. Loomis、S. Sternberg 著，王元、胥鸣伟 译','高等教育','2007.01','68','O172/L824',0),('A2704137','基础偏微分方程','[美] D. Bleecker、G. Csordas 著，李俊杰 译','高等教育','2006.06','69','O175.2/B974',0),('A2704138','基础偏微分方程','[美] D. Bleecker、G. Csordas 著，李俊杰 译','高等教育','2006.06','69','O175.2/B974',0),('A2704139','基础偏微分方程','[美] D. Bleecker、G. Csordas 著，李俊杰 译','高等教育','2006.06','69','O175.2/B974',0),('A2704140','数论教程','[法] Jean-Pierre Serre 著，冯克勤 译','高等教育','2007.04','25','O156/S122',0),('A2704141','数论教程','[法] Jean-Pierre Serre 著，冯克勤 译','高等教育','2007.04','25','O156/S122',0),('A2704142','数论教程','[法] Jean-Pierre Serre 著，冯克勤 译','高等教育','2007.04','25','O156/S122',0),('A2704143','初等几何的著名问题','[德] Felix Klein著，沈一兵 译','高等教育','2005.07','15','O123/K424',0),('A2704144','初等几何的著名问题','[德] Felix Klein著，沈一兵 译','高等教育','2005.07','15','O123/K424',0),('A2704145','初等几何的著名问题','[德] Felix Klein著，沈一兵 译','高等教育','2005.07','15','O123/K424',0),('A2704146','Markov过程导论','[美] Daniel Stroock著，林正炎 译','高等教育','2007.12','32','O211.62/S524',0),('A2704147','Markov过程导论','[美] Daniel Stroock著，林正炎 译','高等教育','2007.12','32','O211.62/S524',0),('A2704148','Markov过程导论','[美] Daniel Stroock著，林正炎 译','高等教育','2007.12','32','O211.62/S524',0),('A2704149','有限群的线性表示','Jean-Pierre Serre(郝鈵新 译)','高等教育','2007.06','26','O152.1/S121',0),('A2704150','有限群的线性表示','Jean-Pierre Serre(郝鈵新 译)','高等教育','2007.06','26','O152.1/S121',0),('A2704151','有限群的线性表示','Jean-Pierre Serre(郝鈵新 译)','高等教育','2007.06','26','O152.1/S121',0),('A2704152','随机金融基础 (第一卷) 事实. 模型','[俄] А. Н. 施利亚耶夫 著，史树中 译','高等教育','2008.01','59','F830/S524',0),('A2704153','随机金融基础 (第一卷) 事实. 模型','[俄] А. Н. 施利亚耶夫 著，史树中 译','高等教育','2008.01','59','F830/S524',0),('A2704154','随机金融基础 (第一卷) 事实. 模型','[俄] А. Н. 施利亚耶夫 著，史树中 译','高等教育','2008.01','59','F830/S524',0),('A2704155','随机金融基础 (第二卷) 理论','[俄] А. Н. 施利亚耶夫 著，史树中 译','高等教育','2008.05','65','F22-43/S524',0),('A2704156','随机金融基础 (第二卷) 理论','[俄] А. Н. 施利亚耶夫 著，史树中 译','高等教育','2008.05','65','F22-43/S524',0),('A2704157','随机金融基础 (第二卷) 理论','[俄] А. Н. 施利亚耶夫 著，史树中 译','高等教育','2008.05','65','F22-43/S524',0),('A2704158','概率 (第一卷) ','[俄] А. Н. 施利亚耶夫','高等教育','2007.07','48','O211/S524',0),('A2704159','概率 (第一卷) ','[俄] А. Н. 施利亚耶夫','高等教育','2007.07','48','O211/S524',0),('A2704160','概率 (第一卷) ','[俄] А. Н. 施利亚耶夫','高等教育','2007.07','48','O211/S524',0),('A2704161','概率 (第二卷) ','[俄] А. Н. 施利亚耶夫','高等教育','2008.01','48','O211/S524',0),('A2704162','概率 (第二卷) ','[俄] А. Н. 施利亚耶夫','高等教育','2008.01','48','O211/S524',0),('A2704163','概率 (第二卷) ','[俄] А. Н. 施利亚耶夫','高等教育','2008.01','48','O211/S524',0),('A2704164','随机过程论','[俄] А. В. 布林斯基、А. Н. 施利亚耶夫','高等教育','2008.01','49','O211.6/B974',0),('A2704165','随机过程论','[俄] А. В. 布林斯基、А. Н. 施利亚耶夫','高等教育','2008.01','49','O211.6/B974',0),('A2704166','随机过程论','[俄] А. В. 布林斯基、А. Н. 施利亚耶夫','高等教育','2008.01','49','O211.6/B974',0),('A2704167','概率论习题集','[俄] А. Н. 施利亚耶夫','高等教育','2008.01','45','O211-44/S524',0),('A2704168','概率论习题集','[俄] А. Н. 施利亚耶夫','高等教育','2008.01','45','O211-44/S524',0),('A2704169','概率论习题集','[俄] А. Н. 施利亚耶夫','高等教育','2008.01','45','O211-44/S524',0),('A2704170','奇异摄动方程解的渐近展开','[俄] А. Б. 瓦西里亚娃、В. Ф. 布图索夫','高等教育','2008.01','34','O175.5/W137',0),('A2704171','奇异摄动方程解的渐近展开','[俄] А. Б. 瓦西里亚娃、В. Ф. 布图索夫','高等教育','2008.01','34','O175.5/W137',0),('A2704172','奇异摄动方程解的渐近展开','[俄] А. Б. 瓦西里亚娃、В. Ф. 布图索夫','高等教育','2008.01','34','O175.5/W137',0),('A2704173','复变函数论方法','[俄] М. А. 拉夫连季耶夫、Б. В. 沙巴特','高等教育','2006.01','68','O174.5/L112(2)',0),('A2704174','复分析导论 (第二卷) 多复变函数 ','[俄] Б.В.沙巴特','高等教育','2008.01','48','O174.5/S181',0),('A2704175','复分析导论 (第二卷) 多复变函数 ','[俄] Б.В.沙巴特','高等教育','2008.01','48','O174.5/S181',0),('A2704176','复分析导论 (第二卷) 多复变函数 ','[俄] Б.В.沙巴特','高等教育','2008.01','48','O174.5/S181',0),('A2704177','函数论与泛函分析初步 ','[俄] А. Н. 柯尔莫戈洛夫、С. В. 佛明','高等教育','2008.05','56','O174/K362(2)',0),('A2704178','函数论与泛函分析初步 ','[俄] А. Н. 柯尔莫戈洛夫、С. В. 佛明','高等教育','2008.05','56','O174/K362(2)',0),('A2704179','函数论与泛函分析初步 ','[俄] А. Н. 柯尔莫戈洛夫、С. В. 佛明','高等教育','2008.05','56','O174/K362(2)',0),('A2704180','微积分学教程 (第三卷)','[俄] Г. М. 菲赫金哥尔茨','高等教育','2007.04','53','O172/F383(2)',0),('A2704181','微积分学教程 (第三卷)','[俄] Г. М. 菲赫金哥尔茨','高等教育','2007.04','53','O172/F383(2)',0),('A2704182','微积分学教程 (第三卷)','[俄] Г. М. 菲赫金哥尔茨','高等教育','2007.04','53','O172/F383(2)',0),('A2704183','微积分学教程 (第二卷) ','[俄] Г. М. 菲赫金哥尔茨','高等教育','2007.04','65','O172/F383(2)',0),('A2704184','微积分学教程 (第二卷) ','[俄] Г. М. 菲赫金哥尔茨','高等教育','2007.04','65','O172/F383(2)',0),('A2704185','微积分学教程 (第二卷) ','[俄] Г. М. 菲赫金哥尔茨','高等教育','2007.04','65','O172/F383(2)',0),('A2704186','微积分学教程 (第一卷) ','[俄] Г. М. 菲赫金哥尔茨','高等教育','2006.01','45','O172/F373(3)',0),('A2704187','微积分学教程 (第一卷) ','[俄] Г. М. 菲赫金哥尔茨','高等教育','2006.01','45','O172/F373(3)',0),('A2704188','微积分学教程 (第一卷) ','[俄] Г. М. 菲赫金哥尔茨','高等教育','2006.01','45','O172/F373(3)',0),('A2704189','连续介质力学 (第一卷) ','[俄] Л. И. 谢多夫 （李植 译）','高等教育','2007.09','49','O33/X541',0),('A2704190','连续介质力学 (第一卷) ','[俄] Л. И. 谢多夫 （李植 译）','高等教育','2007.09','49','O33/X541',0),('A2704191','连续介质力学 (第一卷) ','[俄] Л. И. 谢多夫 （李植 译）','高等教育','2007.09','49','O33/X541',0),('A2704192','理论力学','[俄] А. П. 马尔契夫 （李俊峰 译）','高等教育','2006.01','54','O31/M145',0),('A2704193','理论力学','[俄] А. П. 马尔契夫 （李俊峰 译）','高等教育','2006.01','54','O31/M145',0),('A2704194','理论力学','[俄] А. П. 马尔契夫 （李俊峰 译）','高等教育','2006.01','54','O31/M145',0),('A2704195','经典力学的数学方法','[俄] В. Н. 阿诺尔德 （齐民友 译）','高等教育','2008.05','54','O31/A115(2)',0),('A2704196','经典力学的数学方法','[俄] В. Н. 阿诺尔德 （齐民友 译）','高等教育','2008.05','54','O31/A115(2)',0),('A2704197','现代几何学：方法与应用 (第一卷) 几何曲面、变换群与场','[俄] Б. А. 杜布洛文、С. П. 诺维可夫、А. Т. 福明柯','高等教育','2006.09','48.1','O18/D774',0),('A2704198','现代几何学：方法与应用 (第一卷) 几何曲面、变换群与场','[俄] Б. А. 杜布洛文、С. П. 诺维可夫、А. Т. 福明柯','高等教育','2006.09','48.1','O18/D774',0),('A2704199','现代几何学：方法与应用 (第一卷) 几何曲面、变换群与场','[俄] Б. А. 杜布洛文、С. П. 诺维可夫、А. Т. 福明柯','高等教育','2006.09','48.1','O18/D774',0),('A2704200','现代几何学：方法与应用 (第二卷) 流形上的几何与拓扑 ','[俄] Б. А. 杜布洛文、С. П. 诺维可夫、А. Т. 福明柯','高等教育','2007.07','41.1','O18/D774',0),('A2704201','现代几何学：方法与应用 (第二卷) 流形上的几何与拓扑 ','[俄] Б. А. 杜布洛文、С. П. 诺维可夫、А. Т. 福明柯','高等教育','2007.07','41.1','O18/D774',0),('A2704202','现代几何学：方法与应用 (第三卷) 同调论引论 ','[俄] Б. А. 杜布洛文、С. П. 诺维可夫、А. Т. 福明柯','高等教育','2007.04','45.8','O18/D774',0),('A2704203','现代几何学：方法与应用 (第三卷) 同调论引论 ','[俄] Б. А. 杜布洛文、С. П. 诺维可夫、А. Т. 福明柯','高等教育','2007.04','45.8','O18/D774',0),('A2704204','现代几何学：方法与应用 (第三卷) 同调论引论 ','[俄] Б. А. 杜布洛文、С. П. 诺维可夫、А. Т. 福明柯','高等教育','2007.04','45.8','O18/D774',0),('A2704205','微分几何与拓扑学简明教程','[俄] А. С. 米先柯、А. Т. 福明柯','高等教育','2008.05','32','O186.1/M597',0),('A2704206','微分几何与拓扑学简明教程','[俄] А. С. 米先柯、А. Т. 福明柯','高等教育','2008.05','32','O186.1/M597',0),('A2704207','微分几何与拓扑学简明教程','[俄] А. С. 米先柯、А. Т. 福明柯','高等教育','2008.05','32','O186.1/M597',0),('A2704208','常微分方程 ','[俄] Л. С. 庞特里亚金','高等教育','2006.06','35','O175.1/P256',0),('A2704209','常微分方程 ','[俄] Л. С. 庞特里亚金','高等教育','2006.06','35','O175.1/P256',0),('A2704210','常微分方程 ','[俄] Л. С. 庞特里亚金','高等教育','2006.06','35','O175.1/P256',0),('A2704211','偏微分方程讲义','[俄] О. А. 奥列尼克（郭思旭 译）','高等教育','2008.01','32','O175.2/A384',0),('A2704212','偏微分方程讲义','[俄] О. А. 奥列尼克（郭思旭 译）','高等教育','2008.01','32','O175.2/A384',0),('A2704213','偏微分方程讲义','[俄] О. А. 奥列尼克（郭思旭 译）','高等教育','2008.01','32','O175.2/A384',0),('A2704214','代数学引论 (第一卷) 基础代数','[俄] А. И. 柯斯特利金（张英伯 译）','高等教育','2006.12','33','O15/K366',0),('A2704215','代数学引论 (第一卷) 基础代数','[俄] А. И. 柯斯特利金（张英伯 译）','高等教育','2006.12','33','O15/K366',0),('A2704216','代数学引论 (第一卷) 基础代数','[俄] А. И. 柯斯特利金（张英伯 译）','高等教育','2006.12','33','O15/K366',0),('A2704217','代数学引论 (第二卷) 线性代数','[俄] А. И. 柯斯特利金（牛凤文 译）','高等教育','2008.01','44.1','O15/K366',0),('A2704218','代数学引论 (第二卷) 线性代数','[俄] А. И. 柯斯特利金（牛凤文 译）','高等教育','2008.01','44.1','O15/K366',0),('A2704219','代数学引论 (第二卷) 线性代数','[俄] А. И. 柯斯特利金（牛凤文 译）','高等教育','2008.01','44.1','O15/K366',0),('A2704220','代数学引论 (第三卷) 基本结构','[俄] А. И. 柯斯特利金（郭文彬 译）','高等教育','2008.01','35','O15/K366',0),('A2704221','代数学引论 (第三卷) 基本结构','[俄] А. И. 柯斯特利金（郭文彬 译）','高等教育','2008.01','35','O15/K366',0),('A2704222','代数学引论 (第三卷) 基本结构','[俄] А. И. 柯斯特利金（郭文彬 译）','高等教育','2008.01','35','O15/K366',0),('A2704223','数学分析讲义','[俄] Г. И. 阿黑波夫、В. А. 萨多夫尼齐、В. Н. 丘巴里阔夫（王昆扬 译）','高等教育','2008.06','65','O17/A113',0),('A2704224','数学分析讲义','[俄] Г. И. 阿黑波夫、В. А. 萨多夫尼齐、В. Н. 丘巴里阔夫（王昆扬 译）','高等教育','2008.06','65','O17/A113',0),('A2704225','数学分析讲义','[俄] Г. И. 阿黑波夫、В. А. 萨多夫尼齐、В. Н. 丘巴里阔夫（王昆扬 译）','高等教育','2008.06','65','O17/A113',0),('A2704226','数学分析 (第一卷)','[俄] В. А. 卓里奇（蒋铎 等译）','高等教育','2008.05','59','O17/Z914(2)',0),('A2704227','数学分析 (第一卷)','[俄] В. А. 卓里奇（蒋铎 等译）','高等教育','2008.05','59','O17/Z914(2)',0),('A2704228','数学分析 (第一卷)','[俄] В. А. 卓里奇（蒋铎 等译）','高等教育','2008.05','59','O17/Z914(2)',0),('A2704229','数学分析 (第二卷)','[俄] В. А. 卓里奇（蒋铎 等译）','高等教育','2006.12','69','O17/Z914',0),('A2704230','数学分析 (第二卷)','[俄] В. А. 卓里奇（蒋铎 等译）','高等教育','2006.12','69','O17/Z914',0),('A2704231','数学分析 (第二卷)','[俄] В. А. 卓里奇（蒋铎 等译）','高等教育','2006.12','69','O17/Z914',0),('A2704232','经典力学的数学方法','[俄] В. Н. 阿诺尔德 （齐民友 译）','高等教育','2008.05','54','O31/A115(2)',0),('A2704233','现代几何学：方法与应用 (第二卷) 流形上的几何与拓扑 ','[俄] Б. А. 杜布洛文、С. П. 诺维可夫、А. Т. 福明柯','高等教育','2007.07','41.1','O18/D774',0),('A2704234','金融数学','李向科 戚发全','中国人民大学','2004.06','19','F830/L353',0),('A2704235','金融数学','李向科 戚发全','中国人民大学','2004.06','19','F830/L353',0),('A2704236','金融数学','李向科 戚发全','中国人民大学','2004.06','19','F830/L353',0),('A2704237','金融与经济周期预测','[美] Michael P.Niemira Philip A.Klein 著 (邱东 等译）','中国统计','1998.02','41','F037.1/N394',0),('A2704238','金融数学引论','吴岚 黄海 著','北京大学','2005.08','19.5','F830/W830',0),('A2704239','金融市场分析与预测','萧灼基 李晓西 赵京学 潘爱华 著','经济科学','2002.03','18','F832.5/X449',0),('A2704240','金融市场分析与预测','萧灼基 李晓西 赵京学 潘爱华 著','经济科学','2002.03','18','F832.5/X449',0),('A2704241','复合生命状态模型','李晓林','经济科学','1999.1','19.6','F224.0/L354',0),('A2704242','复合生命状态模型','李晓林','经济科学','1999.1','19.6','F224.0/L354',0),('A2704243','复合生命状态模型','李晓林','经济科学','1999.1','19.6','F224.0/L354',0),('A2704244','复合生命状态模型','李晓林','经济科学','1999.1','19.6','F224.0/L354',0),('A2704245','复合生命状态模型','李晓林','经济科学','1999.1','19.6','F224.0/L354',0),('A2704246','一元生命保险与年金','李晓林','经济科学','1999.12','33.6','F224.0/L354',0),('A2704247','一元生命保险与年金','李晓林','经济科学','1999.12','33.6','F224.0/L354',0),('A2704248','一元生命保险与年金','李晓林','经济科学','1999.12','33.6','F224.0/L354',0),('A2704249','精算学原理','李晓林','经济科学','1999.08','17','F224.0/L354',0),('A2704250','风险理论与非寿险精算','谢志刚 韩天雄 著','南开大学','2000.09','23','F840/X549',0),('A2704251','风险理论与非寿险精算','谢志刚 韩天雄 著','南开大学','2000.09','23','F840/X549',0),('A2704252','风险理论与非寿险精算','谢志刚 韩天雄 著','南开大学','2000.09','23','F840/X549',0),('A2704253','概率论与数理统计教程','茆诗松 程依明 等著','高等教育','2005.11','31.4','O21/M386',0),('A2704254','数学教育展望','徐斌艳','华东师范大学','2001.11','29.8','G633.602/X748',0),('A2704255','漫谈分形','张志三','湖南教育','1999.04','10.2','O189.12/Z366',0),('A2704256','信息论与编码理论','沈世镒 陆鲁生 著','科学','2004.05','19','TN911.2/S438',0),('A2704257','信息论与编码理论','沈世镒 陆鲁生 著','科学','2004.05','19','TN911.2/S438',0),('A2704258','信息论与编码理论','沈世镒 陆鲁生 著','科学','2004.05','19','TN911.2/S438',0),('A2704259','信息论与编码理论','沈世镒 陆鲁生 著','科学','2004.05','19','TN911.2/S438',0),('A2704260','信息论基础','石峰 莫忠息 著','武汉大学','2004.04','14','G201/S561',0),('A2704261','信息论基础','石峰 莫忠息 著','武汉大学','2004.04','14','G201/S561',0),('A2704262','信息论基础','叶中行','高等教育','2003.07','14.6','TN911.2/Y429',0),('A2704263','信息论基础','叶中行','高等教育','2003.07','14.6','TN911.2/Y429',0),('A2704264','信息论基础','叶中行','高等教育','2003.07','14.6','TN911.2/Y429',0),('A2704265','信息系统开发方法教程','陈佳','清华大学','1998.05','18','C931.6/C450',0),('A2704266','信息科学导论','宋余庆 罗永刚','东南大学','2001.08','23','G201/S885',0),('A2704267','信息科学导论','宋余庆 罗永刚','东南大学','2001.08','23','G201/S885',0),('A2704268','信息及其应用','仇佩亮','浙江大学','2003.01','11','TN911.2/Q855',0),('A2704269','信息及其应用','仇佩亮','浙江大学','2003.01','11','TN911.2/Q855',0),('A2704270','应用信息论基础','朱雪龙','清华大学','2001.05','26','TN911.2/Z834',0),('A2704271','应用信息论基础','朱雪龙','清华大学','2001.05','26','TN911.2/Z834',0),('A2704272','应用信息论基础','朱雪龙','清华大学','2001.05','26','TN911.2/Z834',0),('A2704273','应用信息论基础','朱雪龙','清华大学','2001.05','26','TN911.2/Z834',0),('A2704274','应用信息论基础','朱雪龙','清华大学','2001.05','26','TN911.2/Z834',0),('A2704275','信息管理导论','党跃武 谭祥金','高等教育','2006.04','29','G203/D238(2)',0),('A2704276','信息管理导论','党跃武 谭祥金','高等教育','2006.04','29','G203/D238(2)',0),('A2704277','信息管理导论','党跃武 谭祥金','高等教育','2006.04','29','G203/D238(2)',0),('A2704278','信息系统分析与设计','傅铅生','国防工业','2005.03','30','G202/F925',0),('A2704279','信息系统分析与设计','傅铅生','国防工业','2005.03','30','G202/F925',0),('A2704280','信息系统分析与设计','傅铅生','国防工业','2005.03','30','G202/F925',0),('A2704281','信息系统与知识发现','张文修 梁怡 吴伟志','科学','2005.01','24','G202/Z357',0),('A2704282','信息系统与知识发现','张文修 梁怡 吴伟志','科学','2005.01','24','G202/Z357',0),('A2704283','信息系统与知识发现','张文修 梁怡 吴伟志','科学','2005.01','24','G202/Z357',0),('A2704284','信息管理科学导论','胡昌平','高等教育','2001.07','37.5','G203/H515(2)',0),('A2704285','拓扑学奇趣 ','伏.巴尔佳斯基 伏.叶佛来莫维契 裘光明译','湖南教育','2000.06','20.4','O189-49/B112',0),('A2704286','有理数无理数之战','李 佩','湖南教育','2000.06','22.8','O1-49/L365',0),('A2704287','新编中小学教师继续教育必读（中学下卷）','张维平','中央民族大学','2001.06','195','G635.12/Z355',0),('A2704288','SPSS在教育统计中的应用','扬晓明','高等教育','2004.05','26','G40-051/Y294',0),('A2704289','SPSS在教育统计中的应用','扬晓明','高等教育','2004.05','26','G40-051/Y294',0),('A2704290','教育统计与测评导论','刘新平 ','科学','2003.06','25','G40-051/L755',0),('A2704291','教学过程动力学','鲍曼 王玉文','哈尔滨工业大学','2002.06','14.8','O1-4/B374',0),('A2704292','PME:数学教育心理','李士锜','华东师范大学','2001.06','15','G447/L345',0),('A2704293','数学课程标准','常汝吉','北京师范大学','2002.09','8.7','G633.6/J598',0),('A2704294','数学课程标准','常汝吉','北京师范大学','2002.09','8.7','G633.6/J598',0),('A2704295','数学教育与计算机','[日]岡森博和 著 孙瑞清 梁威 洪變元 译','北京大学','1997.01','25','G633.6/G236',0),('A2704296','数学教育与计算机','[日]岡森博和 著 孙瑞清 梁威 洪變元 译','北京大学','1997.01','25','G633.6/G236',0),('A2704297','教育心理学','喻平 ','广西教育出版社','2004.08','20','G447/Y835',0),('A2704298','教育心理学','喻平 ','广西教育出版社','2004.08','20','G447/Y835',0),('A2704299','教育心理学','喻平 ','广西教育出版社','2004.08','20','G447/Y835',0),('A2704300','教与学-高等数学学习指导','方明亮','新疆电子','2006.06','36','O13/F284',0),('A2704301','小学数学教学理念与教学示例','曾超益','华南理工大学','2003.07','13','G623.5/Z221',0),('A2704302','数学课程论与数学课程教材改革','？春霞','北京师范大学','2001.12','15','G633.6/Q161',0),('A2704303','数学课程论与数学课程教材改革','？春霞','北京师范大学','2001.12','15','G633.6/Q161',0),('A2704304','数学课程论与数学课程教材改革','？春霞','北京师范大学','2001.12','15','G633.6/Q161',0),('A2704305','多媒体教学课件开发技术丛书.数学分册','毕广吉','北京理工大学','2003.07','37.5','G434/B592',0),('A2704306','与新课程同行：数学学与教的心理学','何小亚','华南理工大学','2003.06','22','G447/H338',0),('A2704307','中学数学教材教法','钟善基 丁尔升 曹才翰','北京师范大学','1983.12','1.5','G633.6/Z696',0),('A2704308','中学数学教材教法','钟善基 丁尔升 曹才翰','北京师范大学','1983.12','1.5','G633.6/Z696',0),('A2704309','中学数学教材教法','钟善基 丁尔升 曹才翰','北京师范大学','1983.12','1.5','G633.6/Z696',0),('A2704310','与新课程同行：数学学与教的心理学','何小亚','华南理工大学','2003.06','22','G447/H338',0),('A2704311','与新课程同行：数学学与教的心理学','何小亚','华南理工大学','2003.06','22','G447/H338',0),('A2704312','与新课程同行：数学学与教的心理学','何小亚','华南理工大学','2003.06','22','G447/H338',0),('A2704313','与新课程同行：数学学与教的心理学','何小亚','华南理工大学','2003.06','22','G447/H338',0),('A2704314','与新课程同行：数学学与教的心理学','何小亚','华南理工大学','2003.06','22','G447/H338',0),('A2704315','与新课程同行：数学学与教的心理学','何小亚','华南理工大学','2003.06','22','G447/H338',0),('A2704316','与新课程同行：数学学与教的心理学','何小亚','华南理工大学','2003.06','22','G447/H338',0),('A2704317','与新课程同行：数学学与教的心理学','何小亚','华南理工大学','2003.06','22','G447/H338',0),('A2704318','与新课程同行：数学学与教的心理学','何小亚','华南理工大学','2003.06','22','G447/H338',0),('A2704319','教育测量与评价','（瑞士）胡森 （德）特尔威斯特 著 ','教育科学','1997.03','18','G4-61/X778',0),('A2704320','数学竞赛中的极值与不等式','施咸亮 赵小云','中国少年儿童','1997.03','11.3','G634.6/S527',0),('A2704321','数学教学论','陆书环 傅海伦','科学','2004.03','29','G633.6/L883',0),('A2704322','中学新课标资源库.数学卷','教育部《基础教育课程》编辑部组织编写','北京工业大学','2004.02','28','G633/J598',0),('A2704323','中学新课标资源库.数学卷','教育部《基础教育课程》编辑部组织编写','北京工业大学','2004.02','28','G633/J598',0),('A2704324','数学教学论','马忠林','广西教育出版社','2001.02','19','O1-0/H516',0),('A2704325','数学教学论','马忠林','广西教育出版社','2001.02','19','O1-0/H516',0),('A2704326','高中数学教学疑难问题研究','胡明建 源桐','东北师范大学','2000.12','9','G633.6/H523',0),('A2704327','初中数学教学大纲及教材分析','胡明建 源桐','东北师范大学','2000.07','9.8','G633.6/H523',0),('A2704328','教学的窗口：中学数学教学案例集','（澳）默塞特 著 鲍建生等译','上海教育','2001.09','24.2','G633.603/M876',0),('A2704329','教学的窗口：中学数学教学案例集','（澳）默塞特 著 鲍建生等译','上海教育','2001.09','24.2','G633.603/M876',0),('A2704330','教学的窗口：中学数学教学案例集','（澳）默塞特 著 鲍建生等译','上海教育','2001.09','24.2','G633.603/M876',0),('A2704331','教学的窗口：中学数学教学案例集','（澳）默塞特 著 鲍建生等译','上海教育','2001.09','24.2','G633.603/M876',0),('A2704332','现代认识观下的数学概念学习与教学','李善良','江苏教育','2005.12','30','G633.6/L344',0),('A2704333','现代认识观下的数学概念学习与教学','李善良','江苏教育','2005.12','30','G633.6/L344',0),('A2704334','现代认识观下的数学概念学习与教学','李善良','江苏教育','2005.12','30','G633.6/L344',0),('A2704335','中学生文库怎样用配方法解题','奚定华','上海教育','1982.05','0.24','G633.6/X121',0),('A2704336','高观点下的初等数学概念','沈刚','浙江大学','2001.07','8','G633.6/S420',0),('A2704337','中学数学教学与实践研究','李玉琪','高等教育','2002.09','10.8','G633.6/L365',0),('A2704338','中学数学教材教法.第1分册，总论','赵振威','东北师范大学','2004.02','12','G633.6/Z487(2)',0),('A2704339','中学数学教材教法.第2分册，初等代数研究','赵振威','东北师范大学','2004.02','15','G633.6/Z487',0),('A2704340','中学数学教材教法.第3分册，初等几何研究','赵振威','东北师范大学','2004.02','10','G633.6/Z487',0),('A2704341','中学数学教学引论','王兴志等','石油大学','1999.07','18','G633.602/W397',0),('A2704342','数学课程发展的国际视野','孙晓天','高等教育','2004.05','22','G633.6/S986',0),('A2704343','数学课程发展的国际视野','孙晓天','高等教育','2004.05','22','G633.6/S986',0),('A2704344','数学课程发展的国际视野','孙晓天','高等教育','2004.05','22','G633.6/S986',0),('A2704345','数学思想方法及其教学示例','肖柏荣 潘娉姣','江苏教育','2004.1','18','G633.6/X471',0),('A2704346','数学思想方法及其教学示例','肖柏荣 潘娉姣','江苏教育','2004.1','18','G633.6/X471',0),('A2704347','数学思想方法及其教学示例','肖柏荣 潘娉姣','江苏教育','2004.1','18','G633.6/X471',0),('A2704348','初中数学教学理念与教学示例','张映姜 杨斌 梁英','华南理工大学','2003.07','12','G633.602/Z363',0),('A2704349','数学教育展望','徐斌艳','华东师范大学','2003.07','29.8','G633.602/X748',0),('A2704350','数学教育展望','徐斌艳','华东师范大学','2003.07','29.8','G633.602/X748',0),('A2704351','数学教育展望','徐斌艳','华东师范大学','2003.07','29.8','G633.602/X748',0),('A2704352','数学教育从理论到实践：热点透视与个案点评','郑？信','上海教育','2004.04','19.4','G633.6/Z597',0),('A2704353','平面几何常用解题方法','何维安 邹一心','东方出版中心','2003.12','12','G634.63/H331',0),('A2704354','平面三角常用解题方法','何维安 施礼明','东方出版中心','2003.12','12','G634.64/H331',0),('A2704355','课程标准与教学大纲对比研究.初中数学','孔凡哲','东北师范大学','2003.05','16','G632.3/K483',0),('A2704356','课程标准与教学大纲对比研究.初中数学','孔凡哲','东北师范大学','2003.05','16','G632.3/K483',0),('A2704357','数学教育研究导论','章士藻','中国科学技术','2000.1','18','G633.6/Z349',0),('A2704358','代数和初等函数学习指导','许莼舫','中国青年','1980.02','1.4','O12/X772',0),('A2704359','代数和初等函数学习指导','许莼舫','中国青年','1980.02','1.4','O12/X772',0),('A2704360','代数和初等函数学习指导','许莼舫','中国青年','1980.02','1.4','O12/X772',0),('A2704361','高中代数','吕立美','中国水利水电','1999.01','20','G634.62/L934',0),('A2704362','高中代数','吕立美','中国水利水电','1999.01','20','G634.62/L934',0),('A2704363','高中代数','吕立美','中国水利水电','1999.01','20','G634.62/L934',0),('A2704364','高中代数','吕立美','中国水利水电','1999.01','20','G634.62/L934',0),('A2704365','中国普通高等学校本科专业设置大全：2003年版','教育部高等教育司编','高等教育','2003.09','78','G642.32-62/J598',0),('A2704366','数学学习指导与教学艺术','任勇','人民教育','2005.08','27.2','G633.602/R270',0),('A2704367','数学学习指导与教学艺术','任勇','人民教育','2005.08','27.2','G633.602/R270',0),('A2704368','数学学习指导与教学艺术','任勇','人民教育','2005.08','27.2','G633.602/R270',0),('A2704369','数学问题教育论','黄光荣','中南大学','2004.06','28','O1-0/H745',0),('A2704370','数学问题教育论','黄光荣','中南大学','2004.06','28','O1-0/H745',0),('A2704371','数学问题教育论','黄光荣','中南大学','2004.06','28','O1-0/H745',0),('A2704372','北京数学奥林匹克小学教材：五年级','张君达','北京科学技术','1998.03','9','G623.5/Z321',0),('A2704373','数学新课程理念与实施','叶立军','浙江大学','2005.07','25','G633.6/Y424',0),('A2704374','数学新课程理念与实施','叶立军','浙江大学','2005.07','25','G633.6/Y424',0),('A2704375','数学新课程理念与实施','叶立军','浙江大学','2005.07','25','G633.6/Y424',0),('A2704376','高中几何','解正己','中国水利水电','1999.01','15.5','G633.63/X539',0),('A2704377','高中几何','解正己','中国水利水电','1999.01','15.5','G633.63/X539',0),('A2704378','基础代数学','项武义','人民教育','2004.09','13.1','G634.62/X427',0),('A2704379','基础代数学','项武义','人民教育','2004.09','13.1','G634.62/X427',0),('A2704380','几何画板在数学教学中的应用','万福永 忻重义','华东师范大学','2004.02','7','O18/X589',0),('A2704381','几何画板在数学教学中的应用','万福永 忻重义','华东师范大学','2004.02','7','O18/X589',0),('A2704382','几何画板在数学教学中的应用','万福永 忻重义','华东师范大学','2004.02','7','O18/X589',0),('A2704383','几何画板数学课件制作范例教程','屈清明','人民邮电','2005.01','28','G634.63/Q875',0),('A2704384','几何画板实用范例教程','陶维林 ','清华大学','2003.09','32.5','G634.63/T454',0),('A2704385','几何画板与中学数学微型课件制作','徐兴业','广东科技','2003.12','25','G633.63/X798',0),('A2704386','几何画板课件制作教程','刘胜利','科学','2005.06','25','O18/L744(2)',0),('A2704387','几何画板课件制作教程','刘胜利','科学','2005.06','25','O18/L744(2)',0),('A2704388','几何画板课件制作教程','刘胜利','科学','2005.06','25','O18/L744(2)',0),('A2704389','数学锻炼大脑：斯坦福入学数学试题与解答','[美]G.波利亚  J.基尔帕特里克（陆柱家 译）','科学普及','2003.09','12.6','G634.6/B874',0),('A2704390','数学锻炼大脑：斯坦福入学数学试题与解答','[美]G.波利亚  J.基尔帕特里克（陆柱家 译）','科学普及','2003.09','12.6','G634.6/B874',0),('A2704391','数学锻炼大脑：斯坦福入学数学试题与解答','[美]G.波利亚  J.基尔帕特里克（陆柱家 译）','科学普及','2003.09','12.6','G634.6/B874',0),('A2704392','英国中学数学教科书 （Y册）','上海师范大学数学系翻译组译','上海教育','1978.09','0.69','G634.6/S316',0),('A2704393','英国中学数学教科书 （Y册）','上海师范大学数学系翻译组译','上海教育','1978.09','0.69','G634.6/S316',0),('A2704394','英国中学数学教科书 （Z册）','上海师范大学数学系翻译组译','上海教育','1978.08','0.9','G634.6/S316',0),('A2704395','英国中学数学教科书 （Z册）','上海师范大学数学系翻译组译','上海教育','1978.08','0.9','G634.6/S316',0),('A2704396','英国中学数学教科书 （F册）','上海师范大学数学系翻译组译','上海教育','1978.04','0.37','G634.6/S316',0),('A2704397','英国中学数学教科书 （G册）','上海师范大学数学系翻译组译','上海教育','1978.04','0.39','G634.6/S316',0),('A2704398','英国中学数学教科书 （A册）','上海师范大学数学系翻译组译','上海教育','1978.04','0.35','G634.6/S316',0),('A2704399','英国中学数学教科书 （A册）','上海师范大学数学系翻译组译','上海教育','1978.04','0.35','G634.6/S316',0),('A2704400','英国中学数学教科书 （A册）','上海师范大学数学系翻译组译','上海教育','1978.04','0.35','G634.6/S316',0),('A2704401','英国中学数学教科书 （A册）','上海师范大学数学系翻译组译','上海教育','1978.04','0.35','G634.6/S316',0),('A2704402','英国中学数学教科书 （B册）','上海师范大学数学系翻译组译','上海教育','1978.04','0.36','G634.6/S316',0),('A2704403','英国中学数学教科书 （B册）','上海师范大学数学系翻译组译','上海教育','1979.04','0.4','G634.6/S316',0),('A2704404','英国中学数学教科书 （B册）','上海师范大学数学系翻译组译','上海教育','1979.04','0.4','G634.6/S316',0),('A2704405','英国中学数学教科书 （B册）','上海师范大学数学系翻译组译','上海教育','1979.04','0.4','G634.6/S316',0),('A2704406','英国中学数学教科书 （E册）','上海师范大学数学系翻译组译','上海教育','1980.04','0.34','G634.6/S316',0),('A2704407','英国中学数学教科书 （E册）','上海师范大学数学系翻译组译','上海教育','1980.04','0.34','G634.6/S316',0),('A2704408','英国中学数学教科书 （E册）','上海师范大学数学系翻译组译','上海教育','1980.04','0.34','G634.6/S316',0),('A2704409','英国中学数学教科书 （B册）','上海师范大学数学系翻译组译','上海教育','1979.04','0.4','G634.6/S316',0),('A2704410','英国中学数学教科书 （B册）','上海师范大学数学系翻译组译','上海教育','1979.04','0.4','G634.6/S316',0),('A2704411','英国中学数学教科书 （X册）','上海师范大学数学系翻译组译','上海教育','1978.09','0.59','G634.6/S316',0),('A2704412','英国中学数学教科书 （X册）','上海师范大学数学系翻译组译','上海教育','1978.09','0.59','G634.6/S316',0),('A2704413','英国中学数学教科书 （D册）','上海师范大学数学系翻译组译','上海教育','1978.04','0.38','G634.6/S316',0),('A2704414','英国中学数学教科书 （D册）','上海师范大学数学系翻译组译','上海教育','1978.04','0.38','G634.6/S316',0),('A2704415','英国中学数学教科书 （D册）','上海师范大学数学系翻译组译','上海教育','1978.04','0.38','G634.6/S316',0),('A2704416','英国中学数学教科书 （H册）','上海师范大学数学系翻译组译','上海教育','1979.04','0.41','G634.6/S316',0),('A2704417','英国中学数学教科书 （H册）','上海师范大学数学系翻译组译','上海教育','1979.04','0.41','G634.6/S316',0),('A2704418','数学Ⅰ','（日）小平邦彦 编 马忠林等译','吉林人民教育','1979.05','0.93','G634.6/X455',0),('A2704419','数学课外习题集（第三集）','人民教育出版社数学室','人民教育','1992.06','2.2','G634.6/R234',0),('A2704420','初中数学竞赛辅导','刘诗雄','陕西师范大学','2003.07','14.3','G634.6/L747',0),('A2704421','初中数学竞赛辅导','刘诗雄','陕西师范大学','2003.07','14.3','G634.6/L747',0),('A2704422','数学学习方法','日新','新世界','2001.09','14','G634.6/R377',0),('A2704423','数学竞赛题解集','南通师专数学科','','1979','1','G634.6/N176',0),('A2704424','数学竞赛题解集','南通师专数学科','','1979','1','G634.6/N176',0),('A2704425','全国中学数竞赛题解','全国数学竞赛委员会','科学普及','1978.12','0.3','G634.6/Q932',0),('A2704426','全国中学数竞赛题解','全国数学竞赛委员会','科学普及','1978.12','0.3','G634.6/Q932',0),('A2704427','中学数学解题研究','张同君','华北师范大学','2005.05','16.5','G633.6/Z343',0),('A2704428','中学数学解题研究','张同君','华北师范大学','2005.05','16.5','G633.6/Z343',0),('A2704429','中学数学解题研究','张同君','华北师范大学','2005.05','16.5','G633.6/Z343',0),('A2704430','中学数学解题研究','张同君','华北师范大学','2005.05','16.5','G633.6/Z343',0),('A2704431','中学数学解题研究','张同君','华北师范大学','2005.05','16.5','G633.6/Z343',0),('A2704432','中学数学解题研究','张同君','华北师范大学','2005.05','16.5','G633.6/Z343',0),('A2704433','全国各类成人高等学校招生考试教材.教育理论','胡厚福 成功','北京邮电大学','2001.06','25','G40/H512',0),('A2704434','苏步青传','王增藩','复旦大学','2005.05','35','K826.11=76/S911',0),('A2704435','初等数学教程代数','（法）G·达尔布 编 朱广才译','上海科学技术','1980.03','1.8','O122/B972',0),('A2704436','初等数学教程代数','（法）G·达尔布 编 朱广才译','上海科学技术','1980.03','1.8','O122/B972',0),('A2704437','现代数学观点下的中学数学','胡炳生','高等教育','2002.05','9.8','G633.6/H511',0),('A2704438','教师教学用书数学第二册（上）','人民教育出版社数学室','人民教育','2003.06','4.66','G633.6/R234(2)',0),('A2704439','教师教学用书数学第二册（上）','人民教育出版社数学室','人民教育','2003.06','4.66','G633.6/R234(2)',0),('A2704440','数学及解题指导：理工农医类','人民教育出版社数学室','人民教育','1999.04','19','G723.46/R234(2)',0),('A2704441','数学及解题指导：理工农医类','人民教育出版社数学室','人民教育','1999.04','19','G723.46/R234(2)',0),('A2704442','统计分析与写作','徐衡','中国统计','2001.02','25','H152.3/X740',0),('A2704443','统计分析与写作','徐衡','中国统计','2001.02','25','H152.3/X740',0),('A2704444','数学无国界：国际数学联盟的历史','（芬）莱赫脱著 王善平译','上海教育','2002.08','25','O1-20/L123',0),('A2704445','数学无国界：国际数学联盟的历史','（芬）莱赫脱著 王善平译','上海教育','2002.08','25','O1-20/L123',0),('A2704446','数学无国界：国际数学联盟的历史','（芬）莱赫脱著 王善平译','上海教育','2002.08','25','O1-20/L123',0),('A2704447','数学专业英语','吴炯圻','高等教育','2005.07','24.5','H31/W825',0),('A2704448','当代数学精英：菲尔兹奖得主及其建树与见解','李心灿等','上海科技教育','2004.03','20','K816.11/L351',0),('A2704449','当代数学大师','李心灿等','北京航空航天大学','2001.12','18','K816.11=5/L351',0),('A2704450','世界著名数学家传记（下集）','吴文俊','科学','2003.04','100','K816.1/W853',0),('A2704451','世界著名数学家传记（上集）','吴文俊','科学','2003.04','100','K816.1/W853',0),('A2704452','世界著名数学家传记（上集）','吴文俊','科学','2003.04','100','K816.1/W853',0),('A2704453','世界著名数学家传记（下集）','吴文俊','科学','2003.04','100','K816.1/W853',0),('A2704454','数学家辞典','邓宗琦','湖北教育','1990.05','15.9','K816.1-61/D389',0),('A2704455','数学大师','E.T.贝尔 著 徐源 译','上海科技教育','2004.12','46.5','K816.11/B452',0),('A2704456','数学大师','E.T.贝尔 著 徐源 译','上海科技教育','2004.12','46.5','K816.11/B452',0),('A2704457','数学大师','E.T.贝尔 著 徐源 译','上海科技教育','2004.12','46.5','K816.11/B452',0),('A2704458','数学大师启示录','陈诗谷 葛孟曾 著','开明','2005.01','20','K816.11/C472',0),('A2704459','数学大师启示录','陈诗谷 葛孟曾 著','开明','2005.01','20','K816.11/C472',0),('A2704460','数学大师启示录','陈诗谷 葛孟曾 著','开明','2005.01','20','K816.11/C472',0),('A2704461','数学大师启示录','陈诗谷 葛孟曾 著','开明','2005.01','20','K816.11/C472',0),('A2704462','美丽心灵','纳什传','上海科技教育','2005.04','45','K837.126.11=6/N136',0),('A2704463','中国现代数学家传','程民德 ','江苏教育','1995.12','26.15','K826.11/C461',0),('A2704464','中国现代数学家传','程民德 ','江苏教育','1998.09','24.3','K826.11/C461',0),('A2704465','中国现代数学家传','程民德 ','江苏教育','2000.08','28.8','K826.11/C461',0),('A2704466','中国现代数学家传','程民德 ','江苏教育','2002.08','42','K826.11/C461',0),('A2704467','吴文俊之路','胡作玄 石赫 ','上海科学技术','2002.12','25','K826.11=76/H537',0),('A2704468','中国科学家傳略辞典','徐志春','中国科学家辞典','1980.04','','K826.1-61/Z663',0),('A2704469','中国科学家傳略辞典','徐志春','中国科学家辞典','1981.04','','K826.1-61/Z663',0),('A2704470','无穷统帅——康托尔','卢介景 著','山东教育','2001.08','7','I253.6/L823',0),('A2704471','无穷统帅——康托尔','卢介景 著','山东教育','2001.08','7','I253.6/L823',0),('A2704472','无穷统帅——康托尔','卢介景 著','山东教育','2001.08','7','I253.6/L823',0),('A2704473','我的大脑敞开了-数学怪才爱多士','【美】布鲁斯·谢克特 著  王元 李文林 译','上海世纪出版社集团','2005.05','26','K837.126.11=536/X543',0),('A2704474','哥德尔','【美】王浩 著 康宏逵 译','上海译文出版社','2003.1','30','K837.126.11=534/W330',0),('A2704475','哥德尔','【美】王浩 著 康宏逵 译','上海译文出版社','2003.1','30','K837.126.11=534/W330',0),('A2704476','哥德尔','【美】王浩 著 康宏逵 译','上海译文出版社','2003.1','30','K837.126.11=534/W330',0),('A2704477','从一到无穷大：科学中的事实和臆测','(美)伽莫夫 著 暴永宁 译','科学','2005.08','18','N49/J284',0),('A2704478','从一到无穷大：科学中的事实和臆测','(美)伽莫夫 著 暴永宁 译','科学','2005.08','18','N49/J284',0),('A2704479','从一到无穷大：科学中的事实和臆测','(美)伽莫夫 著 暴永宁 译','科学','2005.08','18','N49/J284',0),('A2704480','2世纪100个交叉科学难题','李喜先','科学','2005.01','100','G301/L357',0),('A2704481','2世纪101个交叉科学难题','李喜先','科学','2005.01','100','G301/L357',0),('A2704482','2世纪102个交叉科学难题','李喜先','科学','2005.01','100','G301/L357',0),('A2704483','牛顿自然哲学著作选','牛顿 著 王福生 译','上海译文出版社','2003.1','18.5','N02/N471',0),('A2704484','21世纪100个科学难题','21世纪100个科学难题编写组','吉林人民','1999.01','60','G301/E398',0),('A2704485','机遇与混沌','(法)吕埃勒 著 刘式达 译','上海科技教育','2005.04','17.5','O415.5/L931',0),('A2704486','现代系统科学学','陈忠 盛毅华','上海科学技术文献','2005.05','45','N94/C490',0),('A2704487','现代系统科学学','陈忠 盛毅华','上海科学技术文献','2005.05','45','N94/C490',0),('A2704488','模糊系统与模糊控制教程','王立新 著 王迎军 译','清华大学','2003.06','48','N94/W347',0),('A2704489','模糊系统与模糊控制教程','王立新 著 王迎军 译','清华大学','2003.06','48','N94/W347',0),('A2704490','系统工程的理论与方法概念','佟春生','国防工业','2005.08','23','N945/T731',0),('A2704491','系统工程的理论与方法概念','佟春生','国防工业','2005.08','23','N945/T731',0),('A2704492','系统工程的理论与方法概念','佟春生','国防工业','2005.08','23','N945/T731',0),('A2704493','系统工程的理论与方法概念','佟春生','国防工业','2005.08','23','N945/T731',0),('A2704494','最优状态估计与系统辩识','王志贤','西北工业大学','2004.06','32','O231.3/W397',0),('A2704495','最优状态估计与系统辩识','王志贤','西北工业大学','2004.06','32','O231.3/W397',0),('A2704496','最优状态估计与系统辩识','王志贤','西北工业大学','2004.06','32','O231.3/W397',0),('A2704497','系统建模和参数估计--理论与算法','吴旭光','机械工业','2002.07','23','N945.12/W852',0),('A2704498','系统建模和参数估计--理论与算法','吴旭光','机械工业','2002.07','23','N945.12/W852',0),('A2704499','系统科学','许国志','上海科技教育','2000.09','39.6','N94/X779',0),('A2704500','系统科学','许国志','上海科技教育','2000.09','39.6','N94/X779',0),('A2704501','系统科学','许国志','上海科技教育','2000.09','39.6','N94/X779',0),('A2704502','误差理论与数据处理','丁振良','哈尔滨工业大学','2002.05','16','TH701/D589(2)',0),('A2704503','误差理论与数据处理','丁振良','哈尔滨工业大学','2002.05','16','TH701/D589(2)',0),('A2704504','地图代数','胡鹏 游涟 扬传勇 吴艳兰','武汉大学','2002.02','29','P282/H520',0),('A2704505','空间数据的误差处理','魏克让 江聪世','科学','2003.08','25','P236/W548',0),('A2704506','空间数据的误差处理','魏克让 江聪世','科学','2003.08','25','P236/W548',0),('A2704507','空间数据发掘与知识发现','邸凯昌','武汉大学','2001.12','35','P208/D443',0),('A2704508','空间数据发掘与知识发现','邸凯昌','武汉大学','2001.12','35','P208/D443',0),('A2704509','空间数据发掘与知识发现','邸凯昌','武汉大学','2001.12','35','P208/D443',0),('A2704510','工程系统可靠性数值分析方法','金星 洪延姬','国防工业','2002.07','27','TB114.3/J677',0),('A2704511','工程系统可靠性数值分析方法','金星 洪延姬','国防工业','2002.07','27','TB114.3/J677',0),('A2704512','工程系统可靠性数值分析方法','金星 洪延姬','国防工业','2002.07','27','TB114.3/J677',0),('A2704513','灰预测与灰决策','邓聚龙','中华科技大学','2002.09','14.8','N94/D383',0),('A2704514','灰预测与灰决策','邓聚龙','中华科技大学','2002.09','14.8','N94/D383',0),('A2704515','灰预测与灰决策','邓聚龙','中华科技大学','2002.09','14.8','N94/D383',0),('A2704516','灰预测与灰决策','邓聚龙','中华科技大学','2002.09','14.8','N94/D383',0),('A2704517','数学生态学模型与研究方法','陈兰荪 宋新宇 路征一','四川科学技术','2003.07','40','Q141/C466',0),('A2704518','数学生态学模型与研究方法','陈兰荪 宋新宇 路征一','四川科学技术','2003.07','40','Q141/C466',0),('A2704519','数学生态学模型与研究方法','陈兰荪 宋新宇 路征一','四川科学技术','2003.07','40','Q141/C466',0),('A2704520','数学生态学模型与研究方法','陈兰荪 宋新宇 路征一','四川科学技术','2003.07','40','Q141/C466',0),('A2704521','数学生态学模型与研究方法','陈兰荪 宋新宇 路征一','四川科学技术','2003.07','40','Q141/C466',1),('A2704522','数学生态学模型与研究方法','陈兰荪 宋新宇 路征一','四川科学技术','2003.07','40','Q141/C466',0),('A2704523','数学生态稳定性理论与方法','王顺庆 王万雄 徐海根','科学','2004.1','59','Q141/W365',0),('A2704524','数学生态稳定性理论与方法','王顺庆 王万雄 徐海根','科学','2004.1','59','Q141/W365',0),('A2704525','数学生态稳定性理论与方法','王顺庆 王万雄 徐海根','科学','2004.1','59','Q141/W365',0),('A2704526','进化对策与群种动力学','J.Hofbauer,K.Sigmund','四川科学技术','2002.09','40','Q145/H972',0),('A2704527','进化对策与群种动力学','J.Hofbauer,K.Sigmund','四川科学技术','2002.09','40','Q145/H972',0),('A2704528','进化对策与群种动力学','J.Hofbauer,K.Sigmund','四川科学技术','2002.09','40','Q145/H972',0),('A2704529','医学统计学 ','徐勇勇','高等教育','2001.02','19.4','R195.1/X768',0),('A2704530','进化算法','云庆夏','冶金工业','2000.05','18','Q78-32/Y985',0),('A2704531','进化算法','云庆夏','冶金工业','2000.05','18','Q78-32/Y985',0),('A2704532','进化算法','云庆夏','冶金工业','2000.05','18','Q78-32/Y985',0),('A2704533','生存分析','彭非 王伟','中国人民大学','2004.1','38','R195.3/P432',0),('A2704534','生存分析','彭非 王伟','中国人民大学','2004.1','38','R195.3/P432',0),('A2704535','生存分析','彭非 王伟','中国人民大学','2004.1','38','R195.3/P432',0),('A2704536','传染病动力学的数学建模与研究','马知恩 周义仺 王稳地 靳祯','科学','2004.08','46','R51/M192',0),('A2704537','传染病动力学的数学建模与研究','马知恩 周义仺 王稳地 靳祯','科学','2004.08','46','R51/M192',0),('A2704538','传染病动力学的数学建模与研究','马知恩 周义仺 王稳地 靳祯','科学','2004.08','46','R51/M192',0),('A2704539','传染病动力学的数学建模与研究','马知恩 周义仺 王稳地 靳祯','科学','2004.08','46','R51/M192',0),('A2704540','技术公式手册','【德】K.吉克 R.吉克','科学','2000.03','35','N64/J173(2)',0),('A2704541','技术公式手册','【德】K.吉克 R.吉克','科学','2000.03','35','N64/J173(2)',0),('A2704542','技术公式手册','【德】K.吉克 R.吉克','科学','2000.03','35','N64/J173(2)',1),('A2704543','技术公式手册','【德】K.吉克 R.吉克','科学','2000.03','35','N64/J173(2)',0),('A2704544','可靠性工程原理','郭永基','清华大学','2002.12','24','TB114.3/G963',1),('A2704545','可靠性工程原理','郭永基','清华大学','2002.12','24','TB114.3/G963',0),('A2704546','可靠性工程数学','顾瑛','电子工业','2004.08','49','TB11/G690',0),('A2704547','可靠性工程数学','顾瑛','电子工业','2004.08','49','TB11/G690',0),('A2704548','工程数学学习指导与习题解析（下册）','黄光谷 等','中华科技大学','2004.01','19','TB11/H742',0),('A2704549','工程数学学习指导与习题解析（下册）','黄光谷 等','中华科技大学','2004.01','19','TB11/H742',0),('A2704550','工程数学学习指导与习题解析（下册）','黄光谷 等','中华科技大学','2004.01','19','TB11/H742',0),('A2704551','工程统计学','蒙哥马利 等著 代金 等译','中国人民大学','2005.04','59','F402.4/M512',0),('A2704552','工程统计学','蒙哥马利 等著 代金 等译','中国人民大学','2005.04','59','F402.4/M512',0),('A2704553','高等工程数学','吴孟达 李兵 汪文浩 著','科学','2005.01','25','TB11/W831',0),('A2704554','高等工程数学','吴孟达 李兵 汪文浩 著','科学','2005.01','25','TB11/W831',1),('A2704555','复变函数','陆庆乐 王绵森','高等教育','2002.02','8.8','TB11/X151(4)',0),('A2704556','复变函数','陆庆乐 王绵森','高等教育','2002.02','8.8','TB11/X151(4)',0),('A2704557','矢量分析与场论','谢树艺','高等教育','2002.03','4','TB11/X546(2)',0),('A2704558','矢量分析与场论','谢树艺','高等教育','2002.03','4','TB11/X546(2)',0),('A2704559','矢量分析与场论','谢树艺','高等教育','2002.03','4','TB11/X546(2)',0),('A2704560','积分变换习题全解指南','张元林','高等教育','2004.01','9.8','TB11/Z364',0),('A2704561','数学软件 Mathematica 入门','(美)盖洛德 卡明 威廉 著 邵勇 译','高等教育','2001.08','33.6','TP312MA/L291',0),('A2704562','数值分析引论','易大义 陈道琦','浙江大学','2000.04','18','O241/Y481',0),('A2704563','数值分析引论','易大义 陈道琦','浙江大学','2000.04','18','O241/Y481',0),('A2704564','数值分析引论','易大义 陈道琦','浙江大学','2000.04','18','O241/Y481',0),('A2704565','数值分析引论','易大义 陈道琦','浙江大学','2000.04','18','O241/Y481',0),('A2704566','数值分析引论','易大义 陈道琦','浙江大学','2000.04','18','O241/Y481',0),('A2704567','工程数学学习指导与习题解析（上册）线性代数.复变函数','黄光谷 邓泽清 谢春娣 李刚','华中科技大学','2003.1','18','TB11/H742',0),('A2704568','工程数学学习指导与习题解析（上册）线性代数.复变函数','黄光谷 邓泽清 谢春娣 李刚','华中科技大学','2003.1','18','TB11/H742',0),('A2704569','工程数学学习指导与习题解析（上册）线性代数.复变函数','黄光谷 邓泽清 谢春娣 李刚','华中科技大学','2003.1','18','TB11/H742',0),('A2704570','工程数学手册','（美）Jan J.图马 Ronald A.夭尔什 著 欧阳芳锐 张玉平 译','科学','2002.01','50','TB11-62/T824',0),('A2704571','复合材料断裂复变方法','杨维阳 李俊林 张雪霞 著','科学','2005.03','28','TB330.1/Y298',0),('A2704572','复合材料断裂复变方法','杨维阳 李俊林 张雪霞 著','科学','2005.03','28','TB330.1/Y298',0),('A2704573','电工学（下册）电子技术','秦曾煌','高等教育','1995.08','9.9','TM1/Q699(4)',0),('A2704574','电工学（下册）电子技术','秦曾煌','高等教育','1995.08','9.9','TM1/Q699(4)',0),('A2704575','电工学（下册）电子技术','秦曾煌','高等教育','1995.08','9.9','TM1/Q699(4)',0),('A2704576','电工学（下册）电子技术','秦曾煌','高等教育','1995.08','9.9','TM1/Q699(4)',0),('A2704577','电工学（上册）电子技术','秦曾煌','高等教育','1995.08','13.5','TM1/Q699(4)',0),('A2704578','电工学（上册）电子技术','秦曾煌','高等教育','1995.08','13.5','TM1/Q699(4)',0),('A2704579','电工学（上册）电子技术','秦曾煌','高等教育','1995.08','13.5','TM1/Q699(4)',0),('A2704580','分数阶Fourier变换的原理与应用','陶然 齐林 王越 著','清华大学','2004.08','29','TN911.7/T430',0),('A2704581','分数阶Fourier变换的原理与应用','陶然 齐林 王越 著','清华大学','2004.08','29','TN911.7/T430',0),('A2704582','分数阶Fourier变换的原理与应用','陶然 齐林 王越 著','清华大学','2004.08','29','TN911.7/T430',0),('A2704583','无穷维动力系统（下册）','郭柏灵 著','国防工业','2002.05','48','O19/G944',0),('A2704584','无穷维动力系统（下册）','郭柏灵 著','国防工业','2002.05','48','O19/G944',0),('A2704585','无穷维动力系统（上册）','郭柏灵 著','国防工业','2002.05','48','O19/G944',0),('A2704586','无穷维动力系统（上册）','郭柏灵 著','国防工业','2002.05','48','O19/G944',0),('A2704587','TEX.AMS-TEX和LATEX使用简介','李勇','高等教育','2000.12','17.1','TS803.23/L360',0),('A2704588','数据创库与数据挖掘','安淑芝 等 著','清华大学','2005.06','19','TP311.13/A216',0),('A2704589','复变函数 学习辅导与习题选解','王绵森','高等教育','2004.07','9.8','TB11/W346',0),('A2704590','复变函数 学习辅导与习题选解','王绵森','高等教育','2004.07','9.8','TB11/W346',0),('A2704591','复变函数 学习辅导与习题选解','王绵森','高等教育','2004.07','9.8','TB11/W346',0),('A2704592','工程数学 习题课精讲','赵玉环 张青 倪培？','天津大学','1999.08','16','TB11/Z483',0),('A2704593','机械制图','同济大学 上海交通大学等院校《机械制图》编写组编','高等教育','1997.07','15.8','TH126/T716(3)',0),('A2704594','TEX.AMS-TEX和LATEX使用简介','李勇','高等教育','2000.12','17.1','TS803.23/L360',0),('A2704595','TEX.AMS-TEX和LATEX使用简介','李勇','高等教育','2000.12','17.1','TS803.23/L360',0),('A2704596','TEX.AMS-TEX和LATEX使用简介','李勇','高等教育','2000.12','17.1','TS803.23/L360',0),('A2704597','电子技术基础 数字部分','','','','','TN/K242(3)',0),('A2704598','电工学学习指导书','李西平','','1997.02','12.8','TM1/L355',0),('A2704599','电工学 上册','刘藴陶','中央广播电视大学','1995.05','11.75','TM1/L756',0),('A2704600','电工学 下册','刘藴陶','中央广播电视大学','1995.05','11.75','TM1/L756',0),('A2704601','数字电路逻辑设计','韩振振 李亚伯 ','大连理工大学','1996.07','13','TN79/H159',0),('A2704602','信息论与编码','姜丹','中国科学技术大学','2002.09','45','TN911.2/J471',0),('A2704603','信息论与编码','姜丹','中国科学技术大学','2002.09','45','TN911.2/J471',0),('A2704604','代数与通信','冯克勤 刘凤梅','高等教育','2005.05','19.7','TN91/F625',0),('A2704605','代数与通信','冯克勤 刘凤梅','高等教育','2005.05','19.7','TN91/F625',0),('A2704606','ATM.帧中继.IP技术与应用','赵慧玲 张国宏 胡琳 石友康','电子工业','1998.08','30','TN919.2/Z444',0),('A2704607','信息论与编码','陈运 周亮 陈新','电子工业','2002.08','22','TN911.2/C490',0),('A2704608','信息论与编码','陈运 周亮 陈新','电子工业','2002.08','22','TN911.2/C490',0),('A2704609','信息论-基础理论与应用','傅祖芸','电子工业','2004.02','33','O236/F929',0),('A2704610','信息论-基础理论与应用','傅祖芸','电子工业','2004.02','33','O236/F929',0),('A2704611','信息论-基础理论与应用','傅祖芸','电子工业','2004.02','33','O236/F929',0),('A2704612','信息论与编码','曹雪虹 张宗橙','北京邮电大学','2002.01','22','TN911.2/C233',0),('A2704613','信息论理论基础','贾世楼','哈尔滨工业大学','2001.11','16.8','TN911.2/J326(3)',0),('A2704614','信息论理论基础','贾世楼','哈尔滨工业大学','2001.11','16.8','TN911.2/J326(3)',0),('A2704615','离散信号与系统分析','李培芳','浙江大学','2001.01','16','TN911.6/L332',0),('A2704616','纠错码--原理与方法','王新梅 肖国镇 ','西安电子科技大学','2001.04','35','TN919.3/W374',0),('A2704617','纠错码--原理与方法','王新梅 肖国镇 ','西安电子科技大学','2001.04','35','TN919.3/W374',0),('A2704618','纠错码--原理与方法','王新梅 肖国镇 ','西安电子科技大学','2001.04','35','TN919.3/W374',0),('A2704619','纠错码--原理与方法','王新梅 肖国镇 ','西安电子科技大学','2001.04','35','TN919.3/W374',0),('A2704620','纠错码--原理与方法','王新梅 肖国镇 ','西安电子科技大学','2001.04','35','TN919.3/W374',0),('A2704621','纠错码--原理与方法','王新梅 肖国镇 ','西安电子科技大学','2001.04','35','TN919.3/W374',0),('A2704622','信号的统计检测与估计理论','李道本','科学','2004.09','42','TN911.23/L311(2)',0),('A2704623','信号的统计检测与估计理论','李道本','科学','2004.09','42','TN911.23/L311(2)',0),('A2704624','信号的统计检测与估计理论','李道本','科学','2004.09','42','TN911.23/L311(2)',0),('A2704625','\"信息与系统”解题指南','胡光锐 徐昌庆 谭政华 宫新保','科学','1999.08','18','TN911.6-44/H515',0),('A2704626','\"信息与系统”解题指南','胡光锐 徐昌庆 谭政华 宫新保','科学','1999.08','18','TN911.6-44/H515',0),('A2704627','\"信息与系统”解题指南','胡光锐 徐昌庆 谭政华 宫新保','科学','1999.08','18','TN911.6-44/H515',0),('A2704628','信号处理','胡怡红 林莘','人民邮电','1999.1','20','TN911.7/H533',0),('A2704629','信号与系统分析基础','姜建中 高玉明','清华大学','1994.02','20.8','TN911.6/J473',0),('A2704630','信号与系统分析基础','姜建中 高玉明','清华大学','1994.02','20.8','TN911.6/J473',0),('A2704631','信号与系统分析基础','于素芹','北京邮电大学','1997.05','17','TN911.6/Y746',0),('A2704632','信号与系统分析基础','于素芹','北京邮电大学','1997.05','17','TN911.6/Y746',0),('A2704633','信号与系统习题精解','杨林耀 王松林','科学','2002.09','23','TN911.6-44/Y288',0),('A2704634','信号与系统习题精解','杨林耀 王松林','科学','2002.09','23','TN911.6-44/Y288',0),('A2704635','信号与系统习题精解','杨林耀 王松林','科学','2002.09','23','TN911.6-44/Y288',0),('A2704636','神经网络与信号处理系统--有限精度设计理论','何明一 保铮 ','西北工业大学','1998.11','29','TP183/H328',0),('A2704637','统计信号处理','刘福声 罗鹏飞','国防科技大学','1999.06','19','TN911.72/L716',0),('A2704638','统计信号处理','刘福声 罗鹏飞','国防科技大学','1999.06','19','TN911.72/L716',0),('A2704639','统计信号处理','刘福声 罗鹏飞','国防科技大学','1999.06','19','TN911.72/L716',0),('A2704640','信号处理中的数学变换和估计方法','徐伯勋 白旭滨 傅孝毅 ','清华大学','2004.07','35','TN911.7/X747',0),('A2704642','离散时间信号分析和处理','应启衔 冯一云 窦维蓓','清华大学','2001.09','34','TN911.7/Y595',0),('A2704643','离散时间信号分析和处理','应启衔 冯一云 窦维蓓','清华大学','2001.09','34','TN911.7/Y595',0),('A2704644','信号处理技术基础','周浩敏','北京航空航天大学','2001.09','22','TN911.7/Z744',0),('A2704645','信号处理技术基础','周浩敏','北京航空航天大学','2001.09','22','TN911.7/Z744',0),('A2704646','数字信号处理器--体系机构实现与应用','郭森崊 颜允圣 贾洪峰','清华大学','2005.06','59','TN911.72/G954',0),('A2704647','数字信号处理','蒋晓颖','清华大学','2005.06','29','TN911.72/X610',0),('A2704648','数字信号处理','蒋晓颖','清华大学','2005.06','29','TN911.72/X610',0),('A2704649','数字信号处理导数导学导考','俞卞章','西北工业大学','2002.12','12','TN911.72/Y761',0),('A2704650','数字信号处理导数导学导考','俞卞章','西北工业大学','2002.12','12','TN911.72/Y761',0),('A2704651','数字信号处理常见题型解析及模拟','俞卞章','西北工业大学','2003.06','15','TN911.72-44/Y761(2)',0),('A2704652','现代数字信号处理','姚天任 孙洪','华中科技大学','1999.11','32','TN911.72/Y356',0),('A2704653','现代数字信号处理','姚天任 孙洪','华中科技大学','1999.11','32','TN911.72/Y356',0),('A2704654','小波分析及其在图象处理中的应用','陈武凡','科学','2002.04','25','O241.86/C482',0),('A2704655','小波分析及其在图象处理中的应用','陈武凡','科学','2002.04','25','O241.86/C482',0),('A2704656','密码学与计算机网络安全','卿斯汉','清华 广西科学技术','2001.07','28','TP309/Q736',0),('A2704657','密码学与计算机网络安全','卿斯汉','清华 广西科学技术','2001.07','28','TP309/Q736',0),('A2704658','密码分析学','冯登国','清华大学','2000.08','14','TN918.1/F612',0),('A2704659','混沌控制及其在保密通信中的应用','关新平 范正平 华长春','国防工业大学','2002.1','15','O415.5/G795',0),('A2704660','混沌控制及其在保密通信中的应用','关新平 范正平 华长春','国防工业大学','2002.1','15','O415.5/G795',0),('A2704661','应用密码学','孙淑玲','清华大学','2004.03','29','TN918.1/S974',0),('A2704662','应用密码学','孙淑玲','清华大学','2004.03','29','TN918.1/S974',0),('A2704663','应用密码学','孙淑玲','清华大学','2004.03','29','TN918.1/S974',0),('A2704685','应用密码学','杨义先  钮心忻','北京邮电大学','2005.06','29','TN918.1/Y297',0),('A2704690','对称密码学','胡予濮 等 著','机械工业','2002.08','25','TN918.1/H535',0);

/*Table structure for table `borrowinfo` */

DROP TABLE IF EXISTS `borrowinfo`;

CREATE TABLE `borrowinfo` (
  `xuehao` varchar(20) default '',
  `reader_name` varchar(50) default NULL,
  `classname` varchar(20) default NULL,
  `shuhao` varchar(12) NOT NULL default '',
  `bookname` varchar(50) default NULL,
  `borrowtime` varchar(30) default NULL,
  `backtime` varchar(30) default NULL,
  `timepass` int(5) default '0',
  PRIMARY KEY  (`shuhao`),
  KEY `shuhao` (`shuhao`),
  CONSTRAINT `borrowinfo_ibfk_1` FOREIGN KEY (`shuhao`) REFERENCES `bookinfo` (`shuhao`) ON DELETE CASCADE
) ENGINE=InnoDB DEFAULT CHARSET=utf8 CHECKSUM=1 DELAY_KEY_WRITE=1 ROW_FORMAT=DYNAMIC;

/*Data for the table `borrowinfo` */

insert  into `borrowinfo`(`xuehao`,`reader_name`,`classname`,`shuhao`,`bookname`,`borrowtime`,`backtime`,`timepass`) values ('200824093152','周晓滨','2008级信息与计算科学1班','A2704006','模拟与风险分析','2011-12-07','2012-06-04',0),('200824093152','周晓滨','2008级信息与计算科学1班','A2704008','经济管理中的数学方法','2011-12-09','2012-06-06',0),('200824093153','张惠城','2008级信息与计算科学1班','A2704521','数学生态学模型与研究方法','2011-12-01','2012-05-29',0),('200824093153','张惠城','2008级信息与计算科学1班','A2704542','技术公式手册','2011-12-01','2012-05-29',0),('200824093153','张惠城','2008级信息与计算科学1班','A2704544','可靠性工程原理','2011-12-09','2012-06-06',0),('200824093155','陈文浩','2008级信息与计算科学1班','A2704554','高等工程数学','2011-12-09','2012-06-06',0);

/*Table structure for table `readerinfo` */

DROP TABLE IF EXISTS `readerinfo`;

CREATE TABLE `readerinfo` (
  `xuehao` varchar(20) NOT NULL default '',
  `reader_name` varchar(20) default NULL,
  `classname` varchar(50) default NULL,
  `borrow_num` int(10) default '0' COMMENT '<=20',
  PRIMARY KEY  (`xuehao`)
) ENGINE=InnoDB DEFAULT CHARSET=utf8 CHECKSUM=1 DELAY_KEY_WRITE=1 ROW_FORMAT=DYNAMIC;

/*Data for the table `readerinfo` */

insert  into `readerinfo`(`xuehao`,`reader_name`,`classname`,`borrow_num`) values ('200824093101','黄晓雯','2008级信息与计算科学1班',0),('200824093102','黄国强','2008级信息与计算科学1班',0),('200824093103','何伟毓','2008级信息与计算科学1班',0),('200824093104','钱棣才','2008级信息与计算科学1班',0),('200824093105','洪志远','2008级信息与计算科学1班',0),('200824093106','刘威','2008级信息与计算科学1班',0),('200824093107','郭昌年','2008级信息与计算科学1班',0),('200824093108','叶结红','2008级信息与计算科学1班',0),('200824093109','梁进标','2008级信息与计算科学1班',0),('200824093110','叶光郁','2008级信息与计算科学1班',0),('200824093111','江泳斯','2008级信息与计算科学1班',0),('200824093112','林欣达','2008级信息与计算科学1班',0),('200824093113','谢佳春','2008级信息与计算科学1班',0),('200824093114','谢顼','2008级信息与计算科学1班',0),('200824093115','邹小龙','2008级信息与计算科学1班',0),('200824093116','李斯琪','2008级信息与计算科学1班',0),('200824093117','罗思来','2008级信息与计算科学1班',0),('200824093118','符施毅','2008级信息与计算科学1班',0),('200824093119','庄链升','2008级信息与计算科学1班',0),('200824093120','许冬娜','2008级信息与计算科学1班',0),('200824093121','谢明运','2008级信息与计算科学1班',0),('200824093122','许增鸿','2008级信息与计算科学1班',0),('200824093123','朱志业','2008级信息与计算科学1班',0),('200824093124','李桥妹','2008级信息与计算科学1班',0),('200824093126','黄强','2008级信息与计算科学1班',0),('200824093127','詹南雄','2008级信息与计算科学1班',0),('200824093128','林秀纯','2008级信息与计算科学1班',0),('200824093129','陈银笑','2008级信息与计算科学1班',0),('200824093130','欧春淳','2008级信息与计算科学1班',0),('200824093131','卢嘉雯','2008级信息与计算科学1班',0),('200824093132','陈兆权','2008级信息与计算科学1班',0),('200824093133','吴升辉','2008级信息与计算科学1班',0),('200824093135','冯汝松','2008级信息与计算科学1班',0),('200824093136','简兴扬','2008级信息与计算科学1班',0),('200824093137','李剑','2008级信息与计算科学1班',0),('200824093138','冼金萍','2008级信息与计算科学1班',0),('200824093139','罗建明','2008级信息与计算科学1班',0),('200824093140','李纯','2008级信息与计算科学1班',0),('200824093141','黎广献','2008级信息与计算科学1班',0),('200824093142','贾国忠','2008级信息与计算科学1班',0),('200824093144','马萍霞','2008级信息与计算科学1班',0),('200824093146','黄立钦','2008级信息与计算科学1班',0),('200824093147','江鹏飞','2008级信息与计算科学1班',0),('200824093148','周晓涛','2008级信息与计算科学1班',0),('200824093149','张木天','2008级信息与计算科学1班',0),('200824093150','戴海冰','2008级信息与计算科学1班',0),('200824093151','陈敏仪','2008级信息与计算科学1班',0),('200824093152','周晓滨','2008级信息与计算科学1班',2),('200824093153','张惠城','2008级信息与计算科学1班',3),('200824093154','陈锦伟','2008级信息与计算科学1班',0),('200824093155','陈文浩','2008级信息与计算科学1班',1),('200824093156','郭晓东','2008级信息与计算科学1班',0),('200824093157','冼杰伟','2008级信息与计算科学1班',0),('200824093158','李伟芬','2008级信息与计算科学1班',0),('200824093159','许文杰','2008级信息与计算科学1班',0);

/*Table structure for table `users` */

DROP TABLE IF EXISTS `users`;

CREATE TABLE `users` (
  `id` int(10) NOT NULL auto_increment,
  `username` varchar(22) NOT NULL,
  `password` varchar(20) NOT NULL,
  PRIMARY KEY  (`id`)
) ENGINE=InnoDB DEFAULT CHARSET=utf8;

/*Data for the table `users` */

insert  into `users`(`id`,`username`,`password`) values (1,'admin','admin'),(2,'cheng','123');

/*!40101 SET SQL_MODE=@OLD_SQL_MODE */;
/*!40014 SET FOREIGN_KEY_CHECKS=@OLD_FOREIGN_KEY_CHECKS */;
